<?xml version="1.0" encoding="UTF-8"?>
<GenRun Id="impl_2" LaunchPart="xc7z020clg484-1" LaunchTime="1717276750">
  <File Type="ROUTE-PWR" Name="TOP_power_routed.rpt"/>
  <File Type="PA-TCL" Name="TOP.tcl"/>
  <File Type="BITSTR-BMM" Name="TOP_bd.bmm"/>
  <File Type="ROUTE-PWR-SUM" Name="TOP_power_summary_routed.pb"/>
  <File Type="REPORTS-TCL" Name="TOP_reports.tcl"/>
  <File Type="OPT-DCP" Name="TOP_opt.dcp"/>
  <File Type="OPT-DRC" Name="TOP_drc_opted.rpt"/>
  <File Type="OPT-HWDEF" Name="TOP.hwdef"/>
  <File Type="PWROPT-DCP" Name="TOP_pwropt.dcp"/>
  <File Type="PLACE-DCP" Name="TOP_placed.dcp"/>
  <File Type="PLACE-IO" Name="TOP_io_placed.rpt"/>
  <File Type="PLACE-UTIL" Name="TOP_utilization_placed.rpt"/>
  <File Type="PLACE-UTIL-PB" Name="TOP_utilization_placed.pb"/>
  <File Type="PLACE-CTRL" Name="TOP_control_sets_placed.rpt"/>
  <File Type="PLACE-PRE-SIMILARITY" Name="TOP_incremental_reuse_pre_placed.rpt"/>
  <File Type="BG-BGN" Name="TOP.bgn"/>
  <File Type="POSTPLACE-PWROPT-DCP" Name="TOP_postplace_pwropt.dcp"/>
  <File Type="BG-BIN" Name="TOP.bin"/>
  <File Type="PHYSOPT-DCP" Name="TOP_physopt.dcp"/>
  <File Type="BITSTR-MSK" Name="TOP.msk"/>
  <File Type="ROUTE-ERROR-DCP" Name="TOP_routed_error.dcp"/>
  <File Type="ROUTE-DCP" Name="TOP_routed.dcp"/>
  <File Type="ROUTE-BLACKBOX-DCP" Name="TOP_routed_bb.dcp"/>
  <File Type="ROUTE-DRC" Name="TOP_drc_routed.rpt"/>
  <File Type="ROUTE-DRC-PB" Name="TOP_drc_routed.pb"/>
  <File Type="ROUTE-DRC-RPX" Name="TOP_drc_routed.rpx"/>
  <File Type="BITSTR-LTX" Name="TOP.ltx"/>
  <File Type="ROUTE-METHODOLOGY-DRC" Name="TOP_methodology_drc_routed.rpt"/>
  <File Type="BITSTR-MMI" Name="TOP.mmi"/>
  <File Type="ROUTE-METHODOLOGY-DRC-RPX" Name="TOP_methodology_drc_routed.rpx"/>
  <File Type="ROUTE-METHODOLOGY-DRC-PB" Name="TOP_methodology_drc_routed.pb"/>
  <File Type="BITSTR-SYSDEF" Name="TOP.sysdef"/>
  <File Type="ROUTE-PWR-RPX" Name="TOP_power_routed.rpx"/>
  <File Type="ROUTE-STATUS" Name="TOP_route_status.rpt"/>
  <File Type="ROUTE-STATUS-PB" Name="TOP_route_status.pb"/>
  <File Type="ROUTE-TIMINGSUMMARY" Name="TOP_timing_summary_routed.rpt"/>
  <File Type="ROUTE-TIMING-PB" Name="TOP_timing_summary_routed.pb"/>
  <File Type="ROUTE-TIMING-RPX" Name="TOP_timing_summary_routed.rpx"/>
  <File Type="ROUTE-CLK" Name="TOP_clock_utilization_routed.rpt"/>
  <File Type="RDI-RDI" Name="TOP.vdi"/>
  <File Type="ROUTE-BUS-SKEW" Name="TOP_bus_skew_routed.rpt"/>
  <File Type="ROUTE-BUS-SKEW-PB" Name="TOP_bus_skew_routed.pb"/>
  <File Type="ROUTE-BUS-SKEW-RPX" Name="TOP_bus_skew_routed.rpx"/>
  <File Type="POSTROUTE-PHYSOPT-DCP" Name="TOP_postroute_physopt.dcp"/>
  <File Type="POSTROUTE-PHYSOPT-BLACKBOX-DCP" Name="TOP_postroute_physopt_bb.dcp"/>
  <File Type="POSTROUTE-PHYSOPT-TIMING" Name="TOP_timing_summary_postroute_physopted.rpt"/>
  <File Type="POSTROUTE-PHYSOPT-TIMING-PB" Name="TOP_timing_summary_postroute_physopted.pb"/>
  <File Type="POSTROUTE-PHYSOPT-TIMING-RPX" Name="TOP_timing_summary_postroute_physopted.rpx"/>
  <File Type="POSTROUTE-PHYSOPT-BUS-SKEW" Name="TOP_bus_skew_postroute_physopted.rpt"/>
  <File Type="POSTROUTE-PHYSOPT-BUS-SKEW-PB" Name="TOP_bus_skew_postroute_physopted.pb"/>
  <File Type="POSTROUTE-PHYSOPT-BUS-SKEW-RPX" Name="TOP_bus_skew_postroute_physopted.rpx"/>
  <File Type="BG-BIT" Name="TOP.bit"/>
  <File Type="BITSTR-RBT" Name="TOP.rbt"/>
  <File Type="BITSTR-NKY" Name="TOP.nky"/>
  <File Type="BG-DRC" Name="TOP.drc"/>
  <File Type="WBT-USG" Name="usage_statistics_webtalk.html"/>
  <FileSet Name="sources" Type="DesignSrcs" RelSrcDir="$PSRCDIR/sources_1">
    <Filter Type="Srcs"/>
    <File Path="$PSRCDIR/sources_1/imports/Vivado_projects/CARRY_SAVE4_8/CARRY_SAVE4_8.srcs/sources_1/new/ADDER12.vhd">
      <FileInfo>
        <Attr Name="ImportPath" Val="$PPRDIR/../../Vivado_projects/Vivado_projects/Vivado_projects/CARRY_SAVE4_8/CARRY_SAVE4_8.srcs/sources_1/new/ADDER12.vhd"/>
        <Attr Name="ImportTime" Val="1713618165"/>
        <Attr Name="UsedIn" Val="synthesis"/>
        <Attr Name="UsedIn" Val="simulation"/>
      </FileInfo>
    </File>
    <File Path="$PSRCDIR/sources_1/imports/Vivado_projects/MULTI_BOOTH/MULTI_BOOTH.srcs/sources_1/imports/Vivado_projects/carrysave_tree/carrysave_tree.srcs/sources_1/imports/new/ADDER20.vhd">
      <FileInfo>
        <Attr Name="ImportPath" Val="$PPRDIR/../../Vivado_projects/Vivado_projects/Vivado_projects/MULTI_BOOTH/MULTI_BOOTH.srcs/sources_1/imports/Vivado_projects/carrysave_tree/carrysave_tree.srcs/sources_1/imports/new/ADDER20.vhd"/>
        <Attr Name="ImportTime" Val="1713522781"/>
        <Attr Name="UsedIn" Val="synthesis"/>
        <Attr Name="UsedIn" Val="simulation"/>
      </FileInfo>
    </File>
    <File Path="$PSRCDIR/sources_1/new/ADDER8.vhd">
      <FileInfo>
        <Attr Name="ImportPath" Val="$PPRDIR/../../Vivado_projects/V4/project_pix/project_pix.srcs/sources_1/new/ADDER8.vhd"/>
        <Attr Name="ImportTime" Val="1716745323"/>
        <Attr Name="UsedIn" Val="synthesis"/>
        <Attr Name="UsedIn" Val="simulation"/>
      </FileInfo>
    </File>
    <File Path="$PSRCDIR/sources_1/new/BUFFER_DECODE.vhd">
      <FileInfo>
        <Attr Name="ImportPath" Val="$PPRDIR/../../Vivado_projects/ProgettoV3/project_pix/project_pix.srcs/sources_1/new/BUFFER_DECODE.vhd"/>
        <Attr Name="ImportTime" Val="1715853047"/>
        <Attr Name="UsedIn" Val="synthesis"/>
        <Attr Name="UsedIn" Val="simulation"/>
      </FileInfo>
    </File>
    <File Path="$PSRCDIR/sources_1/imports/Vivado_projects/MULTI_BOOTH/MULTI_BOOTH.srcs/sources_1/imports/Vivado_projects/carrysave_tree/carrysave_tree.srcs/sources_1/new/CARRY_SAVE.vhd">
      <FileInfo>
        <Attr Name="ImportPath" Val="$PPRDIR/../../Vivado_projects/Vivado_projects/Vivado_projects/MULTI_BOOTH/MULTI_BOOTH.srcs/sources_1/imports/Vivado_projects/carrysave_tree/carrysave_tree.srcs/sources_1/new/CARRY_SAVE.vhd"/>
        <Attr Name="ImportTime" Val="1713521592"/>
        <Attr Name="UsedIn" Val="synthesis"/>
        <Attr Name="UsedIn" Val="simulation"/>
      </FileInfo>
    </File>
    <File Path="$PSRCDIR/sources_1/imports/Vivado_projects/CARRY_SAVE4_8/CARRY_SAVE4_8.srcs/sources_1/new/CARRY_SAVE4_8.vhd">
      <FileInfo>
        <Attr Name="ImportPath" Val="$PPRDIR/../../Vivado_projects/Vivado_projects/Vivado_projects/CARRY_SAVE4_8/CARRY_SAVE4_8.srcs/sources_1/new/CARRY_SAVE4_8.vhd"/>
        <Attr Name="ImportTime" Val="1713640181"/>
        <Attr Name="UsedIn" Val="synthesis"/>
        <Attr Name="UsedIn" Val="simulation"/>
      </FileInfo>
    </File>
    <File Path="$PSRCDIR/sources_1/new/FIFO8_NORMAL.vhd">
      <FileInfo>
        <Attr Name="ImportPath" Val="$PPRDIR/../../Vivado_projects/V4/project_pix/project_pix.srcs/sources_1/new/FIFO8_NORMAL.vhd"/>
        <Attr Name="ImportTime" Val="1716732232"/>
        <Attr Name="UsedIn" Val="synthesis"/>
        <Attr Name="UsedIn" Val="simulation"/>
      </FileInfo>
    </File>
    <File Path="$PSRCDIR/sources_1/new/FIFO_NORMAL.vhd">
      <FileInfo>
        <Attr Name="ImportPath" Val="$PPRDIR/../../Vivado_projects/ProgettoV3/project_pix/project_pix.srcs/sources_1/new/FIFO_NORMAL.vhd"/>
        <Attr Name="ImportTime" Val="1716582278"/>
        <Attr Name="UsedIn" Val="synthesis"/>
        <Attr Name="UsedIn" Val="simulation"/>
      </FileInfo>
    </File>
    <File Path="$PSRCDIR/sources_1/imports/Vivado_projects/CARRY_SAVE4_8/CARRY_SAVE4_8.srcs/sources_1/new/FIRST.vhd">
      <FileInfo>
        <Attr Name="ImportPath" Val="$PPRDIR/../../Vivado_projects/Vivado_projects/Vivado_projects/CARRY_SAVE4_8/CARRY_SAVE4_8.srcs/sources_1/new/FIRST.vhd"/>
        <Attr Name="ImportTime" Val="1713639993"/>
        <Attr Name="UsedIn" Val="synthesis"/>
        <Attr Name="UsedIn" Val="simulation"/>
      </FileInfo>
    </File>
    <File Path="$PSRCDIR/sources_1/new/FSM3.vhd">
      <FileInfo>
        <Attr Name="ImportPath" Val="$PPRDIR/../../Vivado_projects/ProgettoV3/project_pix/project_pix.srcs/sources_1/new/FSM3.vhd"/>
        <Attr Name="ImportTime" Val="1716582540"/>
        <Attr Name="UsedIn" Val="synthesis"/>
        <Attr Name="UsedIn" Val="simulation"/>
      </FileInfo>
    </File>
    <File Path="$PSRCDIR/sources_1/new/FastRca4bit.vhd">
      <FileInfo>
        <Attr Name="ImportPath" Val="$PPRDIR/../../Vivado_projects/Vivado_projects/Vivado_projects/Vivado_projects/project_pix.srcs/sources_1/new/FastRca4bit.vhd"/>
        <Attr Name="ImportTime" Val="1713744332"/>
        <Attr Name="UsedIn" Val="synthesis"/>
        <Attr Name="UsedIn" Val="simulation"/>
      </FileInfo>
    </File>
    <File Path="$PSRCDIR/sources_1/imports/Vivado_projects/MULTI_BOOTH/MULTI_BOOTH.srcs/sources_1/imports/Vivado_projects/carrysave_tree/carrysave_tree.srcs/sources_1/new/FullAdder.vhd">
      <FileInfo>
        <Attr Name="ImportPath" Val="$PPRDIR/../../Vivado_projects/Vivado_projects/Vivado_projects/MULTI_BOOTH/MULTI_BOOTH.srcs/sources_1/imports/Vivado_projects/carrysave_tree/carrysave_tree.srcs/sources_1/new/FullAdder.vhd"/>
        <Attr Name="ImportTime" Val="1713615945"/>
        <Attr Name="UsedIn" Val="synthesis"/>
        <Attr Name="UsedIn" Val="simulation"/>
      </FileInfo>
    </File>
    <File Path="$PSRCDIR/sources_1/imports/Vivado_projects/MULTI_BOOTH/MULTI_BOOTH.srcs/sources_1/imports/Vivado_projects/MUX/MUX.srcs/sources_1/new/MUX.vhd">
      <FileInfo>
        <Attr Name="ImportPath" Val="$PPRDIR/../../Vivado_projects/Vivado_projects/Vivado_projects/MULTI_BOOTH/MULTI_BOOTH.srcs/sources_1/imports/Vivado_projects/MUX/MUX.srcs/sources_1/new/MUX.vhd"/>
        <Attr Name="ImportTime" Val="1713447678"/>
        <Attr Name="UsedIn" Val="synthesis"/>
        <Attr Name="UsedIn" Val="simulation"/>
      </FileInfo>
    </File>
    <File Path="$PSRCDIR/sources_1/imports/Vivado_projects/CARRY_SAVE4_8/CARRY_SAVE4_8.srcs/sources_1/new/PIPE_TO_ADDER.vhd">
      <FileInfo>
        <Attr Name="ImportPath" Val="$PPRDIR/../../Vivado_projects/Vivado_projects/Vivado_projects/CARRY_SAVE4_8/CARRY_SAVE4_8.srcs/sources_1/new/PIPE_TO_ADDER.vhd"/>
        <Attr Name="ImportTime" Val="1713640103"/>
        <Attr Name="UsedIn" Val="synthesis"/>
        <Attr Name="UsedIn" Val="simulation"/>
      </FileInfo>
    </File>
    <File Path="$PSRCDIR/sources_1/imports/Vivado_projects/ADDER3_18/ADDER3_18.srcs/sources_1/new/PIPE_TO_ADDER3_8.vhd">
      <FileInfo>
        <Attr Name="ImportPath" Val="$PPRDIR/../../Vivado_projects/Vivado_projects/Vivado_projects/ADDER3_18/ADDER3_18.srcs/sources_1/new/PIPE_TO_ADDER3_8.vhd"/>
        <Attr Name="ImportTime" Val="1713630813"/>
        <Attr Name="UsedIn" Val="synthesis"/>
        <Attr Name="UsedIn" Val="simulation"/>
      </FileInfo>
    </File>
    <File Path="$PSRCDIR/sources_1/imports/Vivado_projects/MULTI_BOOTH/MULTI_BOOTH.srcs/sources_1/imports/Vivado_projects/Partial_products/Partial_products.srcs/sources_1/new/Partial_products.vhd">
      <FileInfo>
        <Attr Name="ImportPath" Val="$PPRDIR/../../Vivado_projects/Vivado_projects/Vivado_projects/MULTI_BOOTH/MULTI_BOOTH.srcs/sources_1/imports/Vivado_projects/Partial_products/Partial_products.srcs/sources_1/new/Partial_products.vhd"/>
        <Attr Name="ImportTime" Val="1713522392"/>
        <Attr Name="UsedIn" Val="synthesis"/>
        <Attr Name="UsedIn" Val="simulation"/>
      </FileInfo>
    </File>
    <File Path="$PSRCDIR/sources_1/new/RCA4_BIT.vhd">
      <FileInfo>
        <Attr Name="ImportPath" Val="$PPRDIR/../../Vivado_projects/V4/project_pix/project_pix.srcs/sources_1/new/RCA4_BIT.vhd"/>
        <Attr Name="ImportTime" Val="1716745382"/>
        <Attr Name="UsedIn" Val="synthesis"/>
        <Attr Name="UsedIn" Val="simulation"/>
      </FileInfo>
    </File>
    <File Path="$PSRCDIR/sources_1/imports/Vivado_projects/project_buf/project_buf.srcs/sources_1/new/REG8.vhd">
      <FileInfo>
        <Attr Name="ImportPath" Val="$PPRDIR/../../Vivado_projects/Vivado_projects/Vivado_projects/project_buf/project_buf.srcs/sources_1/new/REG8.vhd"/>
        <Attr Name="ImportTime" Val="1713209486"/>
        <Attr Name="UsedIn" Val="synthesis"/>
        <Attr Name="UsedIn" Val="simulation"/>
      </FileInfo>
    </File>
    <File Path="$PSRCDIR/sources_1/new/RGB_TO_GREY.vhd">
      <FileInfo>
        <Attr Name="ImportPath" Val="$PPRDIR/../../Vivado_projects/ProgettoV3/project_pix/project_pix.srcs/sources_1/new/RGB_TO_GREY.vhd"/>
        <Attr Name="ImportTime" Val="1716589337"/>
        <Attr Name="UsedIn" Val="synthesis"/>
        <Attr Name="UsedIn" Val="simulation"/>
      </FileInfo>
    </File>
    <File Path="$PSRCDIR/sources_1/new/R_E_G.vhd">
      <FileInfo>
        <Attr Name="ImportPath" Val="$PPRDIR/../../Vivado_projects/ProgettoV3/project_pix/project_pix.srcs/sources_1/new/R_E_G.vhd"/>
        <Attr Name="ImportTime" Val="1715856401"/>
        <Attr Name="UsedIn" Val="synthesis"/>
        <Attr Name="UsedIn" Val="simulation"/>
      </FileInfo>
    </File>
    <File Path="$PSRCDIR/sources_1/new/SATURATION.vhd">
      <FileInfo>
        <Attr Name="ImportPath" Val="$PPRDIR/../../Vivado_projects/Vivado_projects/Vivado_projects/Vivado_projects/Downloads/Downloads/project_pix/project_pix.srcs/sources_1/new/SATURATION.vhd"/>
        <Attr Name="ImportTime" Val="1714071121"/>
        <Attr Name="UsedIn" Val="synthesis"/>
        <Attr Name="UsedIn" Val="simulation"/>
      </FileInfo>
    </File>
    <File Path="$PSRCDIR/sources_1/imports/Vivado_projects/CARRY_SAVE4_8/CARRY_SAVE4_8.srcs/sources_1/new/SECOND.vhd">
      <FileInfo>
        <Attr Name="ImportPath" Val="$PPRDIR/../../Vivado_projects/Vivado_projects/Vivado_projects/CARRY_SAVE4_8/CARRY_SAVE4_8.srcs/sources_1/new/SECOND.vhd"/>
        <Attr Name="ImportTime" Val="1713640034"/>
        <Attr Name="UsedIn" Val="synthesis"/>
        <Attr Name="UsedIn" Val="simulation"/>
      </FileInfo>
    </File>
    <File Path="$PSRCDIR/sources_1/imports/Vivado_projects/MULTI_BOOTH/MULTI_BOOTH.srcs/sources_1/imports/Vivado_projects/carrysave_tree/carrysave_tree.srcs/sources_1/new/STEP1_2.vhd">
      <FileInfo>
        <Attr Name="ImportPath" Val="$PPRDIR/../../Vivado_projects/Vivado_projects/Vivado_projects/MULTI_BOOTH/MULTI_BOOTH.srcs/sources_1/imports/Vivado_projects/carrysave_tree/carrysave_tree.srcs/sources_1/new/STEP1_2.vhd"/>
        <Attr Name="ImportTime" Val="1713523856"/>
        <Attr Name="UsedIn" Val="synthesis"/>
        <Attr Name="UsedIn" Val="simulation"/>
      </FileInfo>
    </File>
    <File Path="$PSRCDIR/sources_1/imports/Vivado_projects/MULTI_BOOTH/MULTI_BOOTH.srcs/sources_1/imports/Vivado_projects/carrysave_tree/carrysave_tree.srcs/sources_1/new/STEP1_2_LIV2.vhd">
      <FileInfo>
        <Attr Name="ImportPath" Val="$PPRDIR/../../Vivado_projects/Vivado_projects/Vivado_projects/MULTI_BOOTH/MULTI_BOOTH.srcs/sources_1/imports/Vivado_projects/carrysave_tree/carrysave_tree.srcs/sources_1/new/STEP1_2_LIV2.vhd"/>
        <Attr Name="ImportTime" Val="1713521176"/>
        <Attr Name="UsedIn" Val="synthesis"/>
        <Attr Name="UsedIn" Val="simulation"/>
      </FileInfo>
    </File>
    <File Path="$PSRCDIR/sources_1/imports/Vivado_projects/ADDER3_18/ADDER3_18.srcs/sources_1/new/STEP1_3.vhd">
      <FileInfo>
        <Attr Name="ImportPath" Val="$PPRDIR/../../Vivado_projects/Vivado_projects/Vivado_projects/ADDER3_18/ADDER3_18.srcs/sources_1/new/STEP1_3.vhd"/>
        <Attr Name="ImportTime" Val="1713641589"/>
        <Attr Name="UsedIn" Val="synthesis"/>
        <Attr Name="UsedIn" Val="simulation"/>
      </FileInfo>
    </File>
    <File Path="$PSRCDIR/sources_1/imports/Vivado_projects/ADDER3_18/ADDER3_18.srcs/sources_1/new/TOP_ADDER3_18.vhd">
      <FileInfo>
        <Attr Name="ImportPath" Val="$PPRDIR/../../Vivado_projects/Vivado_projects/Vivado_projects/ADDER3_18/ADDER3_18.srcs/sources_1/new/TOP_ADDER3_18.vhd"/>
        <Attr Name="ImportTime" Val="1713630699"/>
        <Attr Name="UsedIn" Val="synthesis"/>
        <Attr Name="UsedIn" Val="simulation"/>
      </FileInfo>
    </File>
    <File Path="$PSRCDIR/sources_1/imports/Vivado_projects/project_buf/project_buf.srcs/sources_1/new/TOP_BUF.vhd">
      <FileInfo>
        <Attr Name="ImportPath" Val="$PPRDIR/../../Vivado_projects/Vivado_projects/Vivado_projects/project_buf/project_buf.srcs/sources_1/new/TOP_BUF.vhd"/>
        <Attr Name="ImportTime" Val="1713628910"/>
        <Attr Name="UsedIn" Val="synthesis"/>
        <Attr Name="UsedIn" Val="simulation"/>
      </FileInfo>
    </File>
    <File Path="$PSRCDIR/sources_1/imports/Vivado_projects/MULTI_BOOTH/MULTI_BOOTH.srcs/sources_1/new/TOP_MULTI.vhd">
      <FileInfo>
        <Attr Name="ImportPath" Val="$PPRDIR/../../Vivado_projects/Vivado_projects/Vivado_projects/MULTI_BOOTH/MULTI_BOOTH.srcs/sources_1/new/TOP_MULTI.vhd"/>
        <Attr Name="ImportTime" Val="1713524583"/>
        <Attr Name="UsedIn" Val="synthesis"/>
        <Attr Name="UsedIn" Val="simulation"/>
      </FileInfo>
    </File>
    <File Path="$PSRCDIR/sources_1/new/TOP_PIX.vhd">
      <FileInfo>
        <Attr Name="ImportPath" Val="$PPRDIR/../../Vivado_projects/Vivado_projects/Vivado_projects/project_pix/project_pix.srcs/sources_1/new/TOP_PIX.vhd"/>
        <Attr Name="ImportTime" Val="1713640490"/>
        <Attr Name="UsedIn" Val="synthesis"/>
        <Attr Name="UsedIn" Val="simulation"/>
      </FileInfo>
    </File>
    <File Path="$PSRCDIR/sources_1/imports/Vivado_projects/MULTI_BOOTH/MULTI_BOOTH.srcs/sources_1/imports/Vivado_projects/booth_enc/booth_enc.srcs/sources_1/new/boothEnc.vhd">
      <FileInfo>
        <Attr Name="ImportPath" Val="$PPRDIR/../../Vivado_projects/Vivado_projects/Vivado_projects/MULTI_BOOTH/MULTI_BOOTH.srcs/sources_1/imports/Vivado_projects/booth_enc/booth_enc.srcs/sources_1/new/boothEnc.vhd"/>
        <Attr Name="ImportTime" Val="1707561108"/>
        <Attr Name="UsedIn" Val="synthesis"/>
        <Attr Name="UsedIn" Val="simulation"/>
      </FileInfo>
    </File>
    <File Path="$PSRCDIR/sources_1/imports/Vivado_projects/MULTI_BOOTH/MULTI_BOOTH.srcs/sources_1/imports/Vivado_projects/carrysave_tree/carrysave_tree.srcs/sources_1/imports/new/pipeline.vhd">
      <FileInfo>
        <Attr Name="ImportPath" Val="$PPRDIR/../../Vivado_projects/Vivado_projects/Vivado_projects/MULTI_BOOTH/MULTI_BOOTH.srcs/sources_1/imports/Vivado_projects/carrysave_tree/carrysave_tree.srcs/sources_1/imports/new/pipeline.vhd"/>
        <Attr Name="ImportTime" Val="1713521215"/>
        <Attr Name="UsedIn" Val="synthesis"/>
        <Attr Name="UsedIn" Val="simulation"/>
      </FileInfo>
    </File>
    <File Path="$PSRCDIR/sources_1/imports/Vivado_projects/MULTI_BOOTH/MULTI_BOOTH.srcs/sources_1/imports/Vivado_projects/Partial_products/Partial_products.srcs/sources_1/new/plus.vhd">
      <FileInfo>
        <Attr Name="ImportPath" Val="$PPRDIR/../../Vivado_projects/Vivado_projects/Vivado_projects/MULTI_BOOTH/MULTI_BOOTH.srcs/sources_1/imports/Vivado_projects/Partial_products/Partial_products.srcs/sources_1/new/plus.vhd"/>
        <Attr Name="ImportTime" Val="1713447535"/>
        <Attr Name="UsedIn" Val="synthesis"/>
        <Attr Name="UsedIn" Val="simulation"/>
      </FileInfo>
    </File>
    <File Path="$PSRCDIR/sources_1/new/TOP.vhd">
      <FileInfo>
        <Attr Name="ImportPath" Val="$PPRDIR/../../Vivado_projects/Vivado_projects/Vivado_projects/Vivado_projects/Downloads/Downloads/project_pix/project_pix.srcs/sources_1/new/TOP.vhd"/>
        <Attr Name="ImportTime" Val="1714245459"/>
        <Attr Name="UsedIn" Val="synthesis"/>
        <Attr Name="UsedIn" Val="simulation"/>
      </FileInfo>
    </File>
    <File Path="$PSRCDIR/sources_1/imports/Documents/project_pix/archive_project_summary.txt">
      <FileInfo>
        <Attr Name="ImportPath" Val="$PPRDIR/../../Vivado_projects/Vivado_projects/Vivado_projects/Vivado_projects/Downloads/Downloads/project_pix/archive_project_summary.txt"/>
        <Attr Name="ImportTime" Val="1713790190"/>
      </FileInfo>
    </File>
    <File Path="$PSRCDIR/sources_1/imports/matte/Downloads/project_pix_V2.xpr/project_pix/archive_project_summary.txt">
      <FileInfo>
        <Attr Name="ImportPath" Val="$PPRDIR/../../Vivado_projects/Vivado_projects/Vivado_projects/Vivado_projects/Downloads/Downloads/project_pix_V2.xpr/project_pix/archive_project_summary.txt"/>
        <Attr Name="ImportTime" Val="1714659632"/>
      </FileInfo>
    </File>
    <File Path="$PSRCDIR/sources_1/imports/project_pix/archive_project_summary.txt">
      <FileInfo>
        <Attr Name="ImportPath" Val="$PPRDIR/../../Vivado_projects/V4/project_pix/archive_project_summary.txt"/>
        <Attr Name="ImportTime" Val="1716927792"/>
      </FileInfo>
    </File>
    <Config>
      <Option Name="DesignMode" Val="RTL"/>
      <Option Name="TopModule" Val="TOP"/>
    </Config>
  </FileSet>
  <FileSet Name="constrs_in" Type="Constrs" RelSrcDir="$PSRCDIR/constrs_1">
    <Filter Type="Constrs"/>
    <File Path="$PSRCDIR/constrs_1/new/clock.xdc">
      <FileInfo>
        <Attr Name="ImportPath" Val="$PPRDIR/../../Vivado_projects/Vivado_projects/Vivado_projects/Vivado_projects/Downloads/Downloads/project_pix/project_pix.srcs/constrs_1/new/clock.xdc"/>
        <Attr Name="ImportTime" Val="1714248795"/>
        <Attr Name="UsedIn" Val="synthesis"/>
        <Attr Name="UsedIn" Val="implementation"/>
      </FileInfo>
    </File>
    <Config>
      <Option Name="TargetConstrsFile" Val="$PSRCDIR/constrs_1/new/clock.xdc"/>
      <Option Name="ConstrsType" Val="XDC"/>
    </Config>
  </FileSet>
  <FileSet Name="utils" Type="Utils" RelSrcDir="$PSRCDIR/utils_1">
    <Filter Type="Utils"/>
    <Config>
      <Option Name="TopAutoSet" Val="TRUE"/>
    </Config>
  </FileSet>
  <Strategy Version="1" Minor="2">
    <StratHandle Name="Vivado Implementation Defaults" Flow="Vivado Implementation 2018"/>
    <Step Id="init_design"/>
    <Step Id="opt_design">
      <Option Id="Directive">0</Option>
    </Step>
    <Step Id="power_opt_design"/>
    <Step Id="place_design">
      <Option Id="Directive">0</Option>
    </Step>
    <Step Id="post_place_power_opt_design"/>
    <Step Id="phys_opt_design" EnableStepBool="1">
      <Option Id="Directive">2</Option>
    </Step>
    <Step Id="route_design">
      <Option Id="Directive">8</Option>
    </Step>
    <Step Id="post_route_phys_opt_design" EnableStepBool="1">
      <Option Id="Directive">1</Option>
    </Step>
    <Step Id="write_bitstream"/>
  </Strategy>
</GenRun>
